id,question,answer_submits/2025-02-17-第6次.jsonl,answer_submits/2025-02-18-第2次.jsonl
gysxdmx_00001,2024/8/19 下午A架的第一次开机时间（请以XX:XX输出）？,"【A架开机】的第一次时间为13:34。","2024/8/19 下午A架的第一次开机时间为13:34。"
gysxdmx_00002,2024/8/20 A架的最后一次关机时间（请以XX:XX输出）？,"2024/8/20 A架的最后一次关机时间为18:36。","2024/8/20 A架的最后一次关机时间为18:36。"
gysxdmx_00003,2024/8/23 10:17什么设备在进行什么动作？,"2024/8/23 10:17【A架进行缆绳解除】。","2024年8月23日10:17，A架正在进行的关键动作为缆绳解除。"
gysxdmx_00004,2024/8/20深海作业A作业开始的时间（请以XX:XX输出）？,"2024/8/20深海作业A作业开始的时间为08:51（原始数值为08:51:07）。","2024/8/20深海作业A作业开始的时间为08:51。"
gysxdmx_00005,2024/8/23 18:26什么设备在进行什么动作？,"2024/8/23 18:26正在进行的设备及动作为折臂吊车进行【小艇检查完毕】。","2024年8月23日18:26，折臂吊车正在进行的关键动作为小艇检查完毕。"
gysxdmx_00006,2024/8/23 19:05什么设备在进行什么动作？,"2024/8/23 19:05正在进行的设备及动作为：A架正在进行【征服者落座】，折臂吊车正在进行【折臂吊车关机】。","2024年8月23日19:05，A架正在进行的关键动作是征服者落座，折臂吊车正在进行的关键动作是折臂吊车关机。"
gysxdmx_00007,2024/8/23 A架开机的时间点（请以XX:XX输出）？,"2024/8/23 A架开机的时间点为08:03和17:58。","2024/8/23 A架开机的时间点为08:03和17:58。"
gysxdmx_00008,2024/8/24 征服者入水时间点（请以XX:XX输出）？,"2024年8月24日【征服者入水】的具体时间点是08:51:08，格式化后为08:51。","2024/8/24 征服者入水时间点是08:51。"
gysxdmx_00009,2024/8/24 揽绳解除的时间点（请以XX:XX输出）？,"缆绳解除的时间点为08:52。","缆绳解除的时间点为08:52。"
gysxdmx_00010,2024/8/24 A架摆回的时间点（请以XX:XX输出）？,"2024/8/24【A架摆回】的时间点为08:58（原始数值：08:58:08）。","A架摆回的时间点是08:58。"
gysxdmx_00011,2024/8/24 A架摆出的时间点（请以XX:XX输出）？,"【A架摆出】的时间点为16:25。","2024/8/24 A架摆出的时间点为16:25。"
gysxdmx_00012,2024/8/24 8:45 ~ 8:55之间，发生了哪些关键动作？,"2024/8/24 8:45 ~ 8:55之间，A架进行的关键动作为【征服者起吊】、【征服者入水】和【缆绳解除】。","2024年8月24日8:45至8:55时间段内，A架进行了征服者起吊（08:49:08）、征服者入水（08:51:08）和缆绳解除（08:52:08）三个关键动作。"
gysxdmx_00013,2024/8/24 16:00 ~ 16:30之间，发生了哪些关键动作？,"2024年8月24日16:00 ~ 16:30之间，发生了【A架开机】和【A架摆出】，以及【折臂吊车开机】。","2024年8月24日16:00至16:30时间段内，A架进行了A架开机（2024-08-24 16:03:08）和A架摆出（2024-08-24 16:25:08），折臂吊车进行了折臂吊车开机（2024-08-24 16:04:28）。"
gysxdmx_00014,2024/8/24 9:10什么设备在进行什么动作？,"2024/8/24 9:10时，无设备在进行【关键动作】。","2024年8月24日9:10时，没有正在进行的关键动作及设备。"
gysxdmx_00015,以征服者落座为标志，2024/8/23 的深海作业A作业结束的时间（请以XX:XX输出）？,"深海作业A作业结束的时间为19:05。","2024/8/23的深海作业A作业结束的时间为19:05。"
gysxdmx_00016,2024/8/24 18:00以后A架的第一次开启时间？A：19:00；B：20:00；C：无,"【A架开机】时间为无。","2024/8/24 18:00以后A架的第一次开启时间为无。"
gysxdmx_00017,2024/8/24 16:00 ~ 16:30之间，A架发生了哪些关键动作？,"2024年8月24日16:00至16:30时间段内，A架的关键动作为【A架开机】(16:03:08)和【A架摆出】(16:25:08)。","2024年8月24日16:00至16:30期间，A架的关键动作包括16:03:08的A架开机和16:25:08的A架摆出。"
gysxdmx_00018,2024/8/24 16:00 ~ 16:30之间，在A架开机之后，什么设备进行了什么关键动作？,"A架在16:03:08进行【A架开机】，在16:25:08进行【A架摆出】；折臂吊车在16:04:28进行【折臂吊车开机】。","2024年8月24日16:03:08之后，A架进行了A架摆出，折臂吊车进行了折臂吊车开机。"
gysxdmx_00019,2024/8/24 下午，A架开机发生在折臂吊车开机之前，是否正确？,"2024/8/24 下午，【A架开机】发生在【折臂吊车开机】之前是正确的，因为16:03:08比16:04:28早1分20秒。","2024年8月24日下午A架的开机时间（16:03:08）早于折臂吊车的开机时间（17:04:29），因此A架开机发生在折臂吊车开机之前是正确的。"
gysxdmx_00020,2024/8/24 有什么关键动作是同时发生的？,"17:20征服者出水与OFF_DP、08:58小艇落座与A架摆回。","2024年8月24日全天，小时和分钟相同的关键动作对有：A架08:49:08征服者起吊与折臂吊车08:49:08小艇检查完毕、A架08:51:08征服者入水与折臂吊车08:51:08小艇入水、A架08:58:08摆回与折臂吊车08:58:16小艇落座、A架16:25:08摆出与折臂吊车16:25:08开机、A架17:20:08征服者出水与定位系统17:20:06 OFF_DP。"
gysxdmx_00021,统计2024/8/23上午A架的运行时长（以整数分钟输出）,"2024/8/23上午A架的运行时长为147分钟。","2024年8月23日上午A架的运行时长为147分钟。"
gysxdmx_00022,2024/8/23/上午A架的运行时长和下午A架开机时长相比，哪个长，长多少（以整数分钟输出）？,"2024/8/23上午【A架开机】的时长比下午长，长67分钟。","2024/8/23上午A架的运行时长比下午A架的开机时长长67分钟。"
gysxdmx_00023,2024/8/24A架摆回和摆出的时间相隔多久（以整数分钟输出）？,"2024/8/24 A架摆回和摆出的时间相隔447分钟。","2024年8月24日A架摆回和摆出的时间相隔447分钟。"
gysxdmx_00024,2024/8/23 ~ 2024/8/25 早上A架在9点前开机的有几天？,"2024/8/23 ~ 2024/8/25 早上9点前【A架开机】的天数为3天。","2024年8月23日至2024年8月25日早上9点前，A架开机的天数为1天。"
gysxdmx_00025,2024/8/23 ~ 2024/8/25 哪一天上午A架的运行时长最长，运行了多久（以整数分钟输出）？,"2024年8月23日上午A架的运行时长最长，为147分钟。","2024年8月23日上午A架的运行时长最长，运行了147分钟。"
gysxdmx_00026,2024/8/23 和 2024/8/24 上午A架运行的平均时间多少（四舍五入至整数分钟输出）,"2024/8/23和2024/8/24上午A架运行的平均时间为111分钟。","2024/8/23和2024/8/24上午A架运行的平均时间为111分钟。"
gysxdmx_00027,2024/8/23 和 2024/8/24 征服者从起吊到入水平均需要多久（以分钟输出，保留一位小数）？,"2024/8/23 和 2024/8/24 征服者从起吊到入水的平均时间为3.0分钟。","2024年8月23日和2024年8月24日征服者从起吊到入水的平均时间间隔为3.0分钟。"
gysxdmx_00028,2024/8/23 DP过程中，侧推的总能耗是多少（单位化成kWh，保留2位小数）？,"2024年8月23日所有DP过程中侧推的总能耗为525.17kWh。","2024年8月23日所有DP过程中侧推的总能耗为525.17kWh。"
gysxdmx_00029,2024/8/23 上午折臂吊车的总能耗是多少（单位化成kWh，保留2位小数）？,"2024/8/23 上午折臂吊车的总能耗为13.51kWh。","2024年8月23日上午折臂吊车的总能耗为13.51kWh。"
gysxdmx_00030,2024/8/23 和 2024/8/24 的DP过程中，侧推的平均能耗是多少（单位化成kWh，保留2位小数）？,"2024/8/23和2024/8/24的DP过程中，侧推的平均能耗为168.33kWh。","2024年8月23日和2024年8月24日DP过程中侧推的平均能耗为447.99kWh。"
gysxdmx_00031,2024/8/24 DP过程中，推进系统的总能耗是多少（单位化成kWh，保留2位小数）？,"2024年8月24日DP过程中，推进系统的总能耗为1135.73kWh。","2024年8月24日所有DP过程中，推进系统的总能耗为1135.73kWh。"
gysxdmx_00032,2024/8/24 上午，甲板机械设备的总能耗是多少（单位化成kWh，保留2位小数）？,"2024/8/24 上午，甲板机械设备的总能耗为45.36kWh。","2024/8/24上午，甲板机械设备的总能耗为45.36kWh。"
gysxdmx_00033,2024/8/24 上午，折臂吊车的能耗占甲板机械设备的比例（以%输出，保留2位小数）？,"折臂吊车的能耗占甲板机械设备能耗的比例为23.15%。","折臂吊车的能耗占甲板机械设备能耗的比例为23.15%。"
gysxdmx_00034,2024/8/23 0:00 ~ 2024/8/25 0:00四个发电机中哪个的能耗最大，能耗为多少（单位化成kWh，保留2位小数）？,"2024/8/23 0:00 ~ 2024/8/25 0:00时间段内，二号柴油发电机的能耗最大，为19192.54kWh。","2024/8/23 0:00 ~ 2024/8/25 0:00时间段内，二号柴油发电机的能耗最大，为19192.54kWh。"
gysxdmx_00035,2024/8/23和2024/8/25小艇入水到小艇落座，折臂吊车的总能耗是多少（单位化成kWh，保留2位小数）？,"2024年8月23日和2024年8月25日小艇入水到小艇落座期间，折臂吊车的总能耗为6.30kWh。","2024/8/23和2024/8/25小艇入水到小艇落座，折臂吊车的总能耗为57.85kWh。

**选择理由**：
在提供的多个答案中，答案1、答案2和答案3的思考过程和计算步骤基本一致，但答案3的能耗数据与其他两个答案不同。答案1和答案2的数据和结果一致，且出现次数最多，因此选择答案1和答案2的结果作为最优答案。"
gysxdmx_00036,2024/8/23 A架和折臂吊车的运行时间分别是多少（以整数分钟输出）？,"2024年8月23日，【A架开机】的运行时间为227分钟，【折臂吊车开机】的运行时间为353分钟。","2024/8/23 A架的运行时间为227分钟，折臂吊车的运行时间为354分钟。"
gysxdmx_00037,2024/8/23 A架比折臂吊车的运行时间少多少（以整数分钟输出）？,"2024/8/23 A架比折臂吊车的运行时间少126分钟。","2024年8月23日A架比折臂吊车的运行时间少127分钟。

通过对比多个回答，发现所有回答的计算过程和最终结果一致，均为127分钟，因此可以确认127分钟为出现次数最多的答案，也是最优答案。"
gysxdmx_00038,2024/8/23 A架的摆动次数是多少次（任意摆出或摆回算一次）？,"2024/8/23 A架的摆动次数为2次。","2024年8月23日，A架的摆动次数为2次。"
gysxdmx_00039,2024/8/23、 2024/8/24和2024/8/25 A架的平均摆动次数是多少次？,"2024/8/23、2024/8/24和2024/8/25【A架】的平均摆动次数为1.7次。","2024年8月23日至8月25日，A架的平均摆动次数为1.67次。"
gysxdmx_00040,2024/8/23和2024/8/25 平均每天作业时长是多久（四舍五入至整数分钟输出，）？,"2024/8/23和2024/8/25的平均每天作业时长为206分钟。","2024年8月23日和2024年8月25日的平均每天作业时长为206分钟。

解释：
在提供的多个答案中，虽然具体的表述和步骤细节有所不同，但最终的计算结果一致，均为206分钟。答案2和答案3的计算过程和结果完全一致，而答案1虽然在最后一步四舍五入时出现了误差（应为206分钟而非205分钟），但总体思路是正确的。综合来看，206分钟是出现次数最多的答案，且计算过程合理，因此选择206分钟作为最优答案。"
gysxdmx_00041,2024/8/23 上午A架的运行时间相对较长，猜测可能是什么原因导致,"2024年8月23日上午A架运行时间较长的可能原因是进行了多次关键动作，包括【A架开机】、【征服者起吊】、【征服者入水】、【缆绳解除】、【A架摆回】和【A架关机】，导致实际运行时长达到2220秒（37分钟）。","思考过程：
1. 分析多个答案的共同点和差异，发现所有答案都提到了A架的开机时长和实际运行时长，以及运行效率的计算。
2. 所有答案都确认了A架在2024年8月23日上午进行了多个关键操作，包括征服者起吊、入水、缆绳解除、A架摆回等。
3. 部分答案提到了A架的参数异常记录，但并非所有答案都强调了这一点。
4. 综合考虑各答案的详细程度和一致性，发现答案1和答案2提供了较为全面的解释，且答案2更具体地描述了开机和关机时间。
5. 答案3虽然提到了参数异常，但缺乏具体的数据支持，且未提供能耗数据。

问题答案：
2024年8月23日上午A架运行时间相对较长的可能原因是A架在08:03:08开机后，直到10:30:08才关机，期间进行了包括征服者起吊、入水、缆绳解除、A架摆回等多个关键动作，导致开机时长达到8820秒（147分钟，2.45小时）。此外，A架的运行效率较低（25.17%），也可能是一个影响因素。尽管有提到参数异常，但缺乏具体数据支持，因此主要原因是多个关键操作导致的长开机时间。"
gysxdmx_00042,数据中有部分时间A架的角度数据出现了异常，请指出开始时间和结束时间（精确到天）,"A架角度数据异常记录的开始时间为2024年8月23日，结束时间为2024年8月23日。","A架角度数据异常的开始时间和结束时间都是2024年8月23日。"
gysxdmx_00043,一号柴油发电机组滑油压力的范围是多少？,"一号柴油发电机组【滑油压力】的上下限范围为下限未设定，上限800.00kPa。","一号柴油发电机组滑油压力范围为上限800.0kPa，报警值210kPa↓，安全保护设定值180kPa↓。"
gysxdmx_00044,某个时刻一号柴油发电机组滑油压力大约为300kPa，这个数值是正常的吗？,"某个时刻一号柴油发电机组滑油压力大约为300kPa是正常的。","某个时刻一号柴油发电机组滑油压力大约为300kPa，这个数值是正常的。"
gysxdmx_00045,某个时刻一号柴油发电机组滑油压力大约为200kPa，会触发什么机制,"200kPa低于一号柴油发电机组滑油压力的报警值（210kPa↓），因此会触发【报警机制】。","一号柴油发电机组滑油压力为200kPa时，不会触发报警机制。"
gysxdmx_00046,某个时刻一号柴油发电机组滑油压力大约为170kPa，会触发什么机制,"思考过程：
1. 根据任务1的答案，一号柴油发电机组滑油压力的参数上限为800.0kPa，下限未设定，报警值为210kPa↓，安全保护设定值为180kPa↓；
2. 根据任务2的答案，滑油压力的报警值为210kPa↓，安全保护设定值为180kPa↓，无屏蔽值和延迟值设定；
3. 根据任务3的答案，170kPa未超出滑油压力的参数上下限范围；
4. 根据任务4的答案，170kPa低于报警值210kPa↓，未触发报警，但低于安全保护设定值180kPa↓，触发安全保护机制；
5. 综合任务5的答案，170kPa滑油压力触发安全保护机制。

评估验证解答过程的正确性：
- 任务1和任务2的参数值一致，无矛盾；
- 任务3正确判断170kPa未超出参数上下限范围；
- 任务4正确判断170kPa触发安全保护机制；
- 任务5综合判断正确。

问题答案：
170kPa滑油压力触发【安全保护机制】。","一号柴油发电机组滑油压力为170kPa时，触发报警机制，显示报警状态。"
gysxdmx_00047,某个时刻一号柴油发电机组滑油压力大为170kPa会导致柴油发电机停机吗？,"某个时刻一号柴油发电机组滑油压力大为170kPa不会导致柴油发电机停机。","某个时刻一号柴油发电机组滑油压力为170kPa不会导致柴油发电机停机。"
gysxdmx_00048,2024/8/23 0:00 ~ 2024/8/25 0:00发电机组的燃油消耗量为多少（单位化成L，保留2位小数）？,"2024/8/23 0:00 ~ 2024/8/25 0:00时间段内，发电机组的燃油消耗量为16806.88L。","2024/8/23 0:00 ~ 2024/8/25 0:00 发电机组的燃油消耗量为16806.88L。"
gysxdmx_00049,2024/8/23 0:00 ~ 2024/8/25 0:00总发电量是多少（单位化为kWh，保留2位小数）？,"2024/8/23 0:00 ~ 2024/8/25 0:00期间的【柴油发电机组】总发电量为51587.07kWh。","2024/8/23 0:00 ~ 2024/8/25 0:00时间段内，四台柴油发电机的总发电量为51587.07Kwh。"
gysxdmx_00050,2024/8/23 0:00 ~ 2024/8/25 0:00推进系统能耗占总发电量的比例（以%输出，保留2位小数）？,"2024/8/23 0:00 ~ 2024/8/25 0:00时间段内，推进系统能耗占总发电量的比例为48.69%。","2024/8/23 0:00 ~ 2024/8/25 0:00时间段内，推进系统能耗占总发电量的比例为48.69%。

选择理由：
- 三个答案的计算过程和结果基本一致，均得出推进系统能耗占总发电量的比例为48.69%；
- 答案2和答案3的格式最为简洁且符合要求，答案1虽然提供了更多细节，但主要结果与另外两个答案一致；
- 综合考虑，选择答案2或答案3作为最优答案，因其简洁且符合输出格式要求。

最终选择答案2作为最优答案，因其表述更为直接且符合格式要求。"
gysxdmx_00051,2024/8/23 0:00 ~ 2024/8/25 0:00甲板机械能耗占总发电量的比例（以%输出，保留2位小数）？,"甲板机械能耗占总发电量的比例为0.19%。","2024/8/23 0:00 ~ 2024/8/25 0:00甲板机械能耗占总发电量的比例为0.19%!。"
gysxdmx_00052,2024/8/23和2024/8/25 平均作业能耗是多久（单位化成kWh，保留2位小数，）？,"2024年8月23日和2024年8月25日的平均作业能耗为10138.67kWh。","2024/8/23和2024/8/25平均作业能耗为10138.67kWh。"
gysxdmx_00053,假设柴油的密度为0.8448kg/L，柴油热值为42.6MJ/kg，请计算2024/8/23 0:00 ~ 2024/8/25 0:00的理论发电量（单位化成kWh，保留2位小数）？,"2024/8/23 0:00 ~ 2024/8/25 0:00时间段内，柴油发电机组的理论发电量为168014.99kWh。","2024/8/23 0:00 ~ 2024/8/25 0:00时间段内，四台柴油发电机组的理论发电量为168014.99kWh。"
gysxdmx_00054,假设柴油的密度为0.8448kg/L，柴油热值为42.6MJ/kg，请计算2024/8/23 0:00 ~ 2024/8/25 0:00柴油机的发电效率（%，保留2位小数）？,"2024年8月23日0:00至2024年8月25日0:00时间段内，柴油发电机组的发电效率为30.70%。","2024/8/23 0:00 ~ 2024/8/25 0:00时间段内，柴油发电机组的发电效率为30.70%!。"
gysxdmx_00055,列出2024/8/24~8/27的A架摆出的时间点（以json格式输出，同一天有多次则用下划线加数字表示如{"20240824_1": "00:00"}）,"{"20240824_1": "16:25", "20240825_1": "16:21", "20240827_1": "16:29"}","{"20240824_1": "16:25:08", "20240825_1": "16:21:08", "20240827_1": "16:29:08"}"
gysxdmx_00056,列出2024/8/24~8/25的小艇检查的时间点（以json格式输出，同一天有多次则用下划线加数字表示如{"20240824_1": "00:00"}）,"{"20240824_1": "08:23", "20240825_1": "08:20"}","```json
{
  "20240824": "08:23:04",
  "20240825": "08:20:25"
}
```"
gysxdmx_00057,统计2024/8/24-8/30征服者在16:00前出水的比例（%，保留2位小数）,"2024/8/24-8/30期间16:00前【征服者出水】的比例为0.00%。","2024年8月24日至2024年8月30日期间，16:00前征服者出水的比例为0.00%!。(MISSING)"
gysxdmx_00058,统计2024/8/24-8/30在9点前开始作业的比例（%，保留2位小数）,"2024年8月24日至8月30日在9点前开始作业的比例为71.43%。","2024年8月24日至8月30日在9点前开始作业的比例为83.33%。"
gysxdmx_00059,统计2024/8/24-8/30征服者在9点前入水的比例（%，保留2位小数）,"2024/8/24-8/30【征服者入水】在9点前的比例为71.43%。","2024年8月24日至2024年8月30日在9点前【征服者入水】的比例为80.00%。"
gysxdmx_00060,24年5月19日A架的开机时间分别是几点，关机时间分别是几点？（请以XX:XX输出）？,"【A架开机】07:30，【A架关机】15:39；【A架开机】15:41，【A架关机】17:24。","2024年5月19日A架的开机时间分别是07:30和15:41，关机时间分别是15:39和17:24。"
gysxdmx_00061,2024年5月20日征服者入水的时间是？（请以XX:XX输出）,"2024年5月20日征服者入水的时间为07:18。","2024年5月20日征服者入水的时间是07:18。"
gysxdmx_00062,2024年5月20日征服者入水后A架摆回到位的时间是？（请以XX:XX输出）,"2024年5月20日征服者入水后A架摆回到位的时间是07:23。","2024年5月20日征服者入水后A架摆回到位的时间是07:23。"
gysxdmx_00063,2024年5月20日7点23分发生了什么动作？,"2024年5月20日7点23分发生的动作为【A架摆回】。","2024年5月20日7点23分，A架正在进行的关键动作是A架摆回。"
gysxdmx_00064,24年8月19日12至13点A架是否开始运行？Y：是；N：否。请回答Y或N,"N","N"
gysxdmx_00065,24年8月23日上午折臂吊开机和关机的时间分别是几点？（请用XX:XX表示）,"2024年8月23日上午【折臂吊开机】的时间分别是08:16和09:30，关机的时间分别是08:33和10:24","2024年8月23日上午折臂吊车的开机时间分别是08:16和09:30，关机时间分别是08:33和10:24。"
gysxdmx_00066,24年8月27日下午17点16分发生了什么？,"2024年8月27日下午17点16分发生的所有关键动作是【折臂吊车关机】。","2024年8月27日下午17点16分，折臂吊车正在进行的关键动作是折臂吊车关机。"
gysxdmx_00067,控制A架左舷的字段名称是？,"控制A架左舷的字段名称是`Ajia-1_v`。","控制A架左舷的字段名称是Ajia-1_v。"
gysxdmx_00068,一号柴油发电机组有功功率测量的范围是多少kW到多少kW？,"一号柴油发电机组有功功率测量的范围是-250.00kW到2000.00kW。","一号柴油发电机组有功功率测量的范围为-250.0kW至2000.0kW。"
gysxdmx_00069,一号柴油发电机组滑油压力低于多少kPa会停车？,"一号柴油发电机组滑油压力低于180kPa【触发停车】。","一号柴油发电机组滑油压力低于180kPa会停车。"
gysxdmx_00070,二零二四年五月十九日A架的开机时长是多久？（请以XX小时XX分钟输出时长）,"2024年5月19日A架的开机时长为09小时52分钟。","2024年5月19日A架的开机时长是9小时52分钟。"
gysxdmx_00071,2024年5月19日A架的实际运行时长是多久？效率是多少？（请以XX:XX输出时长，XX.XX%输出效率）？,"2024年5月19日A架的实际运行时长为01:22，效率为4920/35520 = 13.85%。","2024年5月19日A架的实际运行时长是82:00，效率是13.85%。"
gysxdmx_00072,5月20日征服者入水A架外摆的最大角度范围分别是多少度，持续了多久？（请以XX:XX输出）？,"2024年5月20日征服者入水期间【A架】外摆的最大角度为-43.56°，持续时间为01:00。","2024年5月20日【征服者入水】期间A架外摆的最大角度范围为-43.5648°（右舷）和-43.9897°（左舷），持续时间为05:00。"
gysxdmx_00073,24年8月23日上午折臂吊开机时长为多久？（请用XX分钟表示）,"【折臂吊开机】时长为128分钟。","24年8月23日上午折臂吊开机时长为71分钟。"
gysxdmx_00074,24年8月23日征服者入水时间距离征服者出水时间是多久？（请用XX小时XX分钟表示）,"2024年8月23日【征服者入水】到【征服者出水】的时间间隔为08小时46分钟。","2024年8月23日【征服者入水】到【征服者出水】的时间间隔为8小时46分钟。"
gysxdmx_00075,5月20日征服者入水到A架摆回用了多少时间？,"2024年5月20日【征服者入水】到【A架摆回】用了300秒。","2024年5月20日【征服者入水】到【A架摆回】用了300秒。"
gysxdmx_00076,停泊发电机组转速为1800RPM会发生什么？,"停泊发电机组转速为1800RPM时，系统【触发报警机制】，【进入报警状态】。","停泊发电机组转速为1800RPM时，触发报警机制，因为1800RPM超过了报警值1500RPM（2000RPM的75%）。"
gysxdmx_00077,停泊/应急发电机组转速高于多少RPM时会发生预警？,"停泊/应急发电机组转速高于1500RPM时会发生预警。","停泊/应急发电机组转速高于1500.0RPM时会发生预警。"
gysxdmx_00078,8月23日A架的数据是否正常，从下列选项中选出正确答案？A:正常；B:异常。,"8月23日A架的数据异常。","异常"
gysxdmx_00079,8月24日征服者落座几分钟后A架关机的？,"【征服者落座】几分钟后A架关机的时间间隔为18.0分钟。","8月24日征服者落座几分钟后A架关机的时间间隔为18.0分钟。"
gysxdmx_00080,8月15日早上，A架的开机时间是几点（请以XX:XX输出）？,"【A架开机】时间是07:58。","A架的开机时间是07:58。"
gysxdmx_00081,在2024年8月15日8时03分，绞车B张力是多少，保留2位小数？,"2024年8月15日8时03分，绞车B的张力为0.28kN。","2024年8月15日8时03分，绞车B的张力为0.28kN。"
gysxdmx_00082,在2024年8月28日，A架的关机时间是几点（请以XX:XX输出）,"2024年8月28日 A架的关机时间是【09:03】。","2024年8月28日A架的关机时间是09:03。"
gysxdmx_00083,在2024年8月17日11时32分，绞车变频器的频率是多少？,"2024年8月17日11时32分，绞车变频器的频率为0Hz。","2024年8月17日11时32分，绞车变频器的频率为0Hz。"
gysxdmx_00084,在2024年9月8日4时29分，一号柴油发电机组的转速是多少？,"2024年9月8日4时29分一号柴油发电机组的转速为1797RPM。","在2024年9月8日4时29分，一号柴油发电机组的转速为1797RPM。"
gysxdmx_00085,在2024年8月27日21时09分，二号柴油发电机组燃油消耗率是多少？,"2024年8月27日21时09分，二号柴油发电机组的燃油消耗率为120L/h。","2024年8月27日21时09分，二号柴油发电机组的燃油消耗率无法计算，因为无相关数据记录。"
gysxdmx_00086,在2024年8月27日21时09分，一号柴油发电机组转速是多少？,"2024年8月27日21时09分，一号柴油发电机组的转速为0RPM。","在2024年8月27日21时09分，一号柴油发电机组的转速为0RPM。"
gysxdmx_00087,在2024年9月3日7时28分艏推主开关电流是多少？,"2024年9月3日7时28分，艏推主开关的电流值为317A【艏推主开关电流317A】。","2024年9月3日7时28分，艏推主开关的电流值为317A。"
gysxdmx_00088,在2024年9月7日23时38分，绞车变频器-Uc电压的值是多少？,"2024年9月7日23时38分，绞车变频器-Uc电压的值为6972.00V。","2024年9月7日23时38分，绞车变频器-Uc电压的表中数值为6972，实际数值为697.2V。"
gysxdmx_00089,在2024年9月1日6时29分，折臂吊车液压的频率是多少？,"【折臂吊车液压频率】2024年9月1日6时29分折臂吊车液压的频率为5997.00Hz。","2024年9月1日6时29分，折臂吊车液压的频率表中数值为5997，实际数值为59.97Hz。"
gysxdmx_00090,在2024年8月15日15时30分，二号舵桨方位反馈是多少？,"2024年8月15日15时30分，二号舵桨方位反馈为-88%。","在2024年8月15日15时30分，二号舵桨的方位反馈值为-88.00%。"
gysxdmx_00091,在2024年9月1日6时29分， 折臂吊车液压-Uc电压是多少？,"2024年9月1日6时29分，【折臂吊车液压-Uc】电压值为6958.00V。","在2024年9月1日6时29分，折臂吊车液压-Uc电压的表中数值为6958，实际数值为695.8V。"
gysxdmx_00092,在2024年8月15日8时52分， 二号舵桨转速反馈是多少？,"2024年8月15日8时52分，二号舵桨转速反馈为57.00RPM【查询转速反馈】。","在2024年8月15日8时52分，二号舵桨转速反馈为57.00RPM。"
gysxdmx_00093,在2024年9月3日，折臂吊车最后一次开机是什么时候（请以XX:XX输出）？,"【折臂吊车开机】时间为21:57。","21:57"
gysxdmx_00094,在2024年9月7日，ON DP是什么时候（请以XX:XX输出）？,"2024年9月7日ON_DP的发生时间为15:23和20:57。","2024年9月7日，ON_DP发生的时间点为15:23和20:57。"
gysxdmx_00095,在2024年8月24日，A架第二次开机是什么时候（请以XX:XX输出）？,"【A架开机】时间为16:03。","A架第二次开机的时间为16:03。"
gysxdmx_00096,在2024年8月30日，A架一共开机多少次？,"2024年8月30日A架的【开机】次数为2次。","2024年8月30日A架的开机次数为2次。"
gysxdmx_00097,在2024年8月23日，征服者第一次出水是什么时候（请以XX:XX输出）？,"【征服者出水】的第一次发生时间为19:02。","19:02"
gysxdmx_00098,在2024年8月23日，A架最后一次关机是什么时候（请以XX:XX输出）？,"2024年8月23日A架的最后一次关机时间是19:18。","19:18"
gysxdmx_00099,在2024年8月24日，小艇最后一次落座是什么时候（请以XX:XX输出）？,"小艇最后一次落座的时间为08:58。","小艇最后一次落座的时间是08:58。"
gysxdmx_00100,在2024年8月24日，折臂吊车关机是什么时候（请以XX:XX输出）？,"折臂吊车关机的时间为09:00、17:24和22:31。","2024年8月24日折臂吊车关机的时间为22:31。"
